{"cameraMode":{"drawMode":0,"name":"Shaded","section":"Shading Mode"},"sceneLighting":true,"audioPlay":false,"sceneViewState":{"m_AlwaysRefresh":false,"showFog":true,"showSkybox":true,"showFlares":true,"showImageEffects":true,"showParticleSystems":true,"showVisualEffectGraphs":true,"m_FxEnabled":true},"in2DMode":false,"pivot":{"x":-5.24861478805542,"y":2.4674901962280275,"z":-12.011932373046875},"rotation":{"x":-0.009047407656908036,"y":0.9907293319702148,"z":-0.08462458848953247,"w":-0.10591249167919159},"size":20.978422164916993,"orthographic":false}